<?xml version="1.0" ?>
<juego_tronos>
	<batalla id="1">
		<nombre>Battle of the Golden Tooth</nombre>
		<anio>298</anio>
		<region>The Westerlands</region>
		<localizacion>Golden Tooth</localizacion>
		<ataque tamanio="15000" gana="win">
			<rey>Robb Stark</rey>
			<comandante>Clement Piper, Vance</comandante>
		</ataque>
		<defensa tamanio="4000" gana="N">
			<rey/>
			<comandante/>
		</defensa>
	</batalla>
	<batalla id="2">
		<nombre>Battle at the Mummer's Ford</nombre>
		<anio>298</anio>
		<region>The Riverlands</region>
		<localizacion>Mummer's Ford</localizacion>
		<ataque tamanio="" gana="win">
			<rey>Robb Stark</rey>
			<comandante>Beric Dondarrion</comandante>
		</ataque>
		<defensa tamanio="120" gana="N">
			<rey/>
			<comandante/>
		</defensa>
	</batalla>
	<batalla id="3">
		<nombre>Battle of Riverrun</nombre>
		<anio>298</anio>
		<region>The Riverlands</region>
		<localizacion>Riverrun</localizacion>
		<ataque tamanio="15000" gana="win">
			<rey>Robb Stark</rey>
			<comandante>Edmure Tully, Tytos Blackwood</comandante>
		</ataque>
		<defensa tamanio="10000" gana="N">
			<rey/>
			<comandante/>
		</defensa>
	</batalla>
	<batalla id="4">
		<nombre>Battle of the Green Fork</nombre>
		<anio>298</anio>
		<region>The Riverlands</region>
		<localizacion>Green Fork</localizacion>
		<ataque tamanio="18000" gana="loss">
			<rey>Joffrey/Tommen Baratheon</rey>
			<comandante>Tywin Lannister, Gregor Clegane, Kevan Lannister, Addam Marbrand</comandante>
		</ataque>
		<defensa tamanio="20000" gana="S">
			<rey/>
			<comandante/>
		</defensa>
	</batalla>
	<batalla id="5">
		<nombre>Battle of the Whispering Wood</nombre>
		<anio>298</anio>
		<region>The Riverlands</region>
		<localizacion>Whispering Wood</localizacion>
		<ataque tamanio="1875" gana="win">
			<rey>Joffrey/Tommen Baratheon</rey>
			<comandante>Jaime Lannister</comandante>
		</ataque>
		<defensa tamanio="6000" gana="N">
			<rey/>
			<comandante/>
		</defensa>
	</batalla>
	<batalla id="6">
		<nombre>Battle of the Camps</nombre>
		<anio>298</anio>
		<region>The Riverlands</region>
		<localizacion>Riverrun</localizacion>
		<ataque tamanio="6000" gana="win">
			<rey>Joffrey/Tommen Baratheon</rey>
			<comandante>Lord Andros Brax, Forley Prester</comandante>
		</ataque>
		<defensa tamanio="12625" gana="N">
			<rey/>
			<comandante/>
		</defensa>
	</batalla>
	<batalla id="7">
		<nombre>Sack of Darry</nombre>
		<anio>298</anio>
		<region>The Riverlands</region>
		<localizacion>Darry</localizacion>
		<ataque tamanio="" gana="win">
			<rey>Robb Stark</rey>
			<comandante>Lyman Darry</comandante>
		</ataque>
		<defensa tamanio="" gana="N">
			<rey/>
			<comandante/>
		</defensa>
	</batalla>
	<batalla id="8">
		<nombre>Battle of Moat Cailin</nombre>
		<anio>299</anio>
		<region>The North</region>
		<localizacion>Moat Cailin</localizacion>
		<ataque tamanio="" gana="win">
			<rey>Robb Stark</rey>
			<comandante>NO COMANDANTE</comandante>
		</ataque>
		<defensa tamanio="" gana="N">
			<rey/>
			<comandante/>
		</defensa>
	</batalla>
	<batalla id="9">
		<nombre>Battle of Deepwood Motte</nombre>
		<anio>299</anio>
		<region>The North</region>
		<localizacion>Deepwood Motte</localizacion>
		<ataque tamanio="1000" gana="win">
			<rey>Robb Stark</rey>
			<comandante>NO COMANDANTE</comandante>
		</ataque>
		<defensa tamanio="" gana="N">
			<rey/>
			<comandante/>
		</defensa>
	</batalla>
	<batalla id="10">
		<nombre>Battle of the Stony Shore</nombre>
		<anio>299</anio>
		<region>The North</region>
		<localizacion>Stony Shore</localizacion>
		<ataque tamanio="264" gana="win">
			<rey>Robb Stark</rey>
			<comandante>NO COMANDANTE</comandante>
		</ataque>
		<defensa tamanio="" gana="N">
			<rey/>
			<comandante/>
		</defensa>
	</batalla>
	<batalla id="11">
		<nombre>Battle of Torrhen's Square</nombre>
		<anio>299</anio>
		<region>The North</region>
		<localizacion>Torrhen's Square</localizacion>
		<ataque tamanio="244" gana="win">
			<rey>Balon/Euron Greyjoy</rey>
			<comandante>Dagmer Cleftjaw</comandante>
		</ataque>
		<defensa tamanio="900" gana="N">
			<rey/>
			<comandante/>
		</defensa>
	</batalla>
	<batalla id="12">
		<nombre>Battle of Winterfell</nombre>
		<anio>299</anio>
		<region>The North</region>
		<localizacion>Winterfell</localizacion>
		<ataque tamanio="20" gana="win">
			<rey>Robb Stark</rey>
			<comandante>Bran Stark</comandante>
		</ataque>
		<defensa tamanio="" gana="N">
			<rey/>
			<comandante/>
		</defensa>
	</batalla>
	<batalla id="13">
		<nombre>Sack of Torrhen's Square</nombre>
		<anio>299</anio>
		<region>The North</region>
		<localizacion>Torrhen's Square</localizacion>
		<ataque tamanio="" gana="win">
			<rey>Balon/Euron Greyjoy</rey>
			<comandante>NO COMANDANTE</comandante>
		</ataque>
		<defensa tamanio="" gana="N">
			<rey/>
			<comandante/>
		</defensa>
	</batalla>
	<batalla id="14">
		<nombre>Sack of Winterfell</nombre>
		<anio>299</anio>
		<region>The North</region>
		<localizacion>Winterfell</localizacion>
		<ataque tamanio="618" gana="win">
			<rey>Robb Stark</rey>
			<comandante>Rodrik Cassel, Cley Cerwyn, Leobald Tallhart</comandante>
		</ataque>
		<defensa tamanio="2000" gana="N">
			<rey/>
			<comandante/>
		</defensa>
	</batalla>
	<batalla id="15">
		<nombre>Battle of Oxcross</nombre>
		<anio>299</anio>
		<region>The Westerlands</region>
		<localizacion>Oxcross</localizacion>
		<ataque tamanio="6000" gana="win">
			<rey>Joffrey/Tommen Baratheon</rey>
			<comandante>Stafford Lannister, Roland Crakehall, Antario Jast</comandante>
		</ataque>
		<defensa tamanio="10000" gana="N">
			<rey/>
			<comandante/>
		</defensa>
	</batalla>
	<batalla id="16">
		<nombre>Siege of Storm's End</nombre>
		<anio>299</anio>
		<region>The Stormlands</region>
		<localizacion>Storm's End</localizacion>
		<ataque tamanio="5000" gana="win">
			<rey>Renly Baratheon</rey>
			<comandante>Renly Baratheon, Cortnay Penrose, Loras Tyrell, Randyll Tarly, Mathis Rowan</comandante>
		</ataque>
		<defensa tamanio="20000" gana="N">
			<rey/>
			<comandante/>
		</defensa>
	</batalla>
	<batalla id="17">
		<nombre>Battle of the Fords</nombre>
		<anio>299</anio>
		<region>The Riverlands</region>
		<localizacion>Red Fork</localizacion>
		<ataque tamanio="20000" gana="loss">
			<rey>Robb Stark</rey>
			<comandante>Edmure Tully, Jason Mallister, Karyl Vance</comandante>
		</ataque>
		<defensa tamanio="10000" gana="S">
			<rey/>
			<comandante/>
		</defensa>
	</batalla>
	<batalla id="18">
		<nombre>Sack of Harrenhal</nombre>
		<anio>299</anio>
		<region>The Riverlands</region>
		<localizacion>Harrenhal</localizacion>
		<ataque tamanio="100" gana="win">
			<rey>Joffrey/Tommen Baratheon</rey>
			<comandante>Amory Lorch</comandante>
		</ataque>
		<defensa tamanio="100" gana="N">
			<rey/>
			<comandante/>
		</defensa>
	</batalla>
	<batalla id="19">
		<nombre>Battle of the Crag</nombre>
		<anio>299</anio>
		<region>The Westerlands</region>
		<localizacion>Crag</localizacion>
		<ataque tamanio="6000" gana="win">
			<rey>Joffrey/Tommen Baratheon</rey>
			<comandante>Rolph Spicer</comandante>
		</ataque>
		<defensa tamanio="" gana="N">
			<rey/>
			<comandante/>
		</defensa>
	</batalla>
	<batalla id="20">
		<nombre>Battle of the Blackwater</nombre>
		<anio>299</anio>
		<region>The Crownlands</region>
		<localizacion>King's Landing</localizacion>
		<ataque tamanio="21000" gana="loss">
			<rey>Joffrey/Tommen Baratheon</rey>
			<comandante>Tyrion Lannister, Jacelyn Bywater, Sandor Clegane, Tywin Lannister, Garlan Tyrell, Mace Tyrell, Randyll Tarly</comandante>
		</ataque>
		<defensa tamanio="7250" gana="S">
			<rey/>
			<comandante/>
		</defensa>
	</batalla>
	<batalla id="21">
		<nombre>Siege of Darry</nombre>
		<anio>299</anio>
		<region>The Riverlands</region>
		<localizacion>Darry</localizacion>
		<ataque tamanio="" gana="win">
			<rey>Joffrey/Tommen Baratheon</rey>
			<comandante>NO COMANDANTE</comandante>
		</ataque>
		<defensa tamanio="" gana="N">
			<rey/>
			<comandante/>
		</defensa>
	</batalla>
	<batalla id="22">
		<nombre>Battle of Duskendale</nombre>
		<anio>299</anio>
		<region>The Crownlands</region>
		<localizacion>Duskendale</localizacion>
		<ataque tamanio="3000" gana="loss">
			<rey>Joffrey/Tommen Baratheon</rey>
			<comandante>Randyll Tarly, Gregor Clegane</comandante>
		</ataque>
		<defensa tamanio="" gana="S">
			<rey/>
			<comandante/>
		</defensa>
	</batalla>
	<batalla id="23">
		<nombre>Battle of the Burning Septry</nombre>
		<anio>299</anio>
		<region>The Riverlands</region>
		<localizacion>no place</localizacion>
		<ataque tamanio="" gana="win">
			<rey>NO KING</rey>
			<comandante>NO COMANDANTE</comandante>
		</ataque>
		<defensa tamanio="" gana="N">
			<rey/>
			<comandante/>
		</defensa>
	</batalla>
	<batalla id="24">
		<nombre>Battle of the Ruby Ford</nombre>
		<anio>299</anio>
		<region>The Riverlands</region>
		<localizacion>Ruby Ford</localizacion>
		<ataque tamanio="" gana="win">
			<rey>Robb Stark</rey>
			<comandante>Roose Bolton, Wylis Manderly</comandante>
		</ataque>
		<defensa tamanio="6000" gana="N">
			<rey/>
			<comandante/>
		</defensa>
	</batalla>
	<batalla id="25">
		<nombre>Retaking of Harrenhal</nombre>
		<anio>299</anio>
		<region>The Riverlands</region>
		<localizacion>Harrenhal</localizacion>
		<ataque tamanio="" gana="win">
			<rey>NO KING</rey>
			<comandante>Vargo Hoat</comandante>
		</ataque>
		<defensa tamanio="" gana="N">
			<rey/>
			<comandante/>
		</defensa>
	</batalla>
	<batalla id="26">
		<nombre>The Red Wedding</nombre>
		<anio>299</anio>
		<region>The Riverlands</region>
		<localizacion>The Twins</localizacion>
		<ataque tamanio="3500" gana="win">
			<rey>Robb Stark</rey>
			<comandante>Robb Stark</comandante>
		</ataque>
		<defensa tamanio="3500" gana="N">
			<rey/>
			<comandante/>
		</defensa>
	</batalla>
	<batalla id="27">
		<nombre>Siege of Seagard</nombre>
		<anio>299</anio>
		<region>The Riverlands</region>
		<localizacion>Seagard</localizacion>
		<ataque tamanio="" gana="win">
			<rey>Joffrey/Tommen Baratheon</rey>
			<comandante>Jason Mallister</comandante>
		</ataque>
		<defensa tamanio="" gana="N">
			<rey/>
			<comandante/>
		</defensa>
	</batalla>
	<batalla id="28">
		<nombre>Battle of Castle Black</nombre>
		<anio>300</anio>
		<region>Beyond the Wall</region>
		<localizacion>Castle Black</localizacion>
		<ataque tamanio="100000" gana="loss">
			<rey>Mance Rayder</rey>
			<comandante>Stannis Baratheon, Jon Snow, Donal Noye, Cotter Pyke</comandante>
		</ataque>
		<defensa tamanio="1240" gana="S">
			<rey/>
			<comandante/>
		</defensa>
	</batalla>
	<batalla id="29">
		<nombre>Fall of Moat Cailin</nombre>
		<anio>300</anio>
		<region>The North</region>
		<localizacion>Moat Cailin</localizacion>
		<ataque tamanio="" gana="win">
			<rey>Balon/Euron Greyjoy</rey>
			<comandante>NO COMANDANTE</comandante>
		</ataque>
		<defensa tamanio="" gana="N">
			<rey/>
			<comandante/>
		</defensa>
	</batalla>
	<batalla id="30">
		<nombre>Sack of Saltpans</nombre>
		<anio>300</anio>
		<region>The Riverlands</region>
		<localizacion>Saltpans</localizacion>
		<ataque tamanio="" gana="win">
			<rey>NO KING</rey>
			<comandante>NO COMANDANTE</comandante>
		</ataque>
		<defensa tamanio="" gana="N">
			<rey/>
			<comandante/>
		</defensa>
	</batalla>
	<batalla id="31">
		<nombre>Retaking of Deepwood Motte</nombre>
		<anio>300</anio>
		<region>The North</region>
		<localizacion>Deepwood Motte</localizacion>
		<ataque tamanio="4500" gana="win">
			<rey>Balon/Euron Greyjoy</rey>
			<comandante>Asha Greyjoy</comandante>
		</ataque>
		<defensa tamanio="200" gana="N">
			<rey/>
			<comandante/>
		</defensa>
	</batalla>
	<batalla id="32">
		<nombre>Battle of the Shield Islands</nombre>
		<anio>300</anio>
		<region>The Reach</region>
		<localizacion>Shield Islands</localizacion>
		<ataque tamanio="" gana="win">
			<rey>Joffrey/Tommen Baratheon</rey>
			<comandante>NO COMANDANTE</comandante>
		</ataque>
		<defensa tamanio="" gana="N">
			<rey/>
			<comandante/>
		</defensa>
	</batalla>
	<batalla id="33">
		<nombre>Invasion of Ryamsport, Vinetown, and Starfish Harbor</nombre>
		<anio>300</anio>
		<region>The Reach</region>
		<localizacion>Ryamsport, Vinetown, Starfish Harbor</localizacion>
		<ataque tamanio="" gana="win">
			<rey>Joffrey/Tommen Baratheon</rey>
			<comandante>NO COMANDANTE</comandante>
		</ataque>
		<defensa tamanio="" gana="N">
			<rey/>
			<comandante/>
		</defensa>
	</batalla>
	<batalla id="34">
		<nombre>Second Seige of Storm's End</nombre>
		<anio>300</anio>
		<region>The Stormlands</region>
		<localizacion>Storm's End</localizacion>
		<ataque tamanio="" gana="win">
			<rey>Stannis Baratheon</rey>
			<comandante>Gilbert Farring</comandante>
		</ataque>
		<defensa tamanio="200" gana="N">
			<rey/>
			<comandante/>
		</defensa>
	</batalla>
	<batalla id="35">
		<nombre>Siege of Dragonstone</nombre>
		<anio>300</anio>
		<region>The Stormlands</region>
		<localizacion>Dragonstone</localizacion>
		<ataque tamanio="2000" gana="win">
			<rey>Stannis Baratheon</rey>
			<comandante>Rolland Storm</comandante>
		</ataque>
		<defensa tamanio="" gana="N">
			<rey/>
			<comandante/>
		</defensa>
	</batalla>
	<batalla id="36">
		<nombre>Siege of Riverrun</nombre>
		<anio>300</anio>
		<region>The Riverlands</region>
		<localizacion>Riverrun</localizacion>
		<ataque tamanio="3000" gana="win">
			<rey>Robb Stark</rey>
			<comandante>Brynden Tully</comandante>
		</ataque>
		<defensa tamanio="" gana="N">
			<rey/>
			<comandante/>
		</defensa>
	</batalla>
	<batalla id="37">
		<nombre>Siege of Raventree</nombre>
		<anio>300</anio>
		<region>The Riverlands</region>
		<localizacion>Raventree</localizacion>
		<ataque tamanio="1500" gana="win">
			<rey>Robb Stark</rey>
			<comandante>Tytos Blackwood</comandante>
		</ataque>
		<defensa tamanio="" gana="N">
			<rey/>
			<comandante/>
		</defensa>
	</batalla>
	<batalla id="38">
		<nombre>Siege of Winterfell</nombre>
		<anio>300</anio>
		<region>The North</region>
		<localizacion>Winterfell</localizacion>
		<ataque tamanio="5000" gana="">
			<rey>Joffrey/Tommen Baratheon</rey>
			<comandante>Roose Bolton</comandante>
		</ataque>
		<defensa tamanio="8000" gana="N">
			<rey/>
			<comandante/>
		</defensa>
	</batalla>
</juego_tronos>
